Date,Return
19/08/2014,1.54%
18/08/2014,-0.30%
15/08/2014,0.29%
14/08/2014,1.56%
13/08/2014,0.49%
12/08/2014,-0.96%
11/08/2014,1.14%
08/08/2014,-0.78%
07/08/2014,1.11%
06/08/2014,-1.45%
05/08/2014,0.18%
04/08/2014,-0.24%
01/08/2014,-1.76%
31/07/2014,-1.01%
30/07/2014,-0.37%
29/07/2014,0.12%
28/07/2014,-0.39%
25/07/2014,-1.01%
24/07/2014,0.54%
23/07/2014,0.42%
22/07/2014,-0.17%
21/07/2014,-0.21%
18/07/2014,2.32%
17/07/2014,-1.44%
16/07/2014,0.39%
15/07/2014,0.54%
14/07/2014,1.87%
11/07/2014,1.06%
10/07/2014,-0.99%
09/07/2014,-1.05%
08/07/2014,-1.04%
07/07/2014,0.07%
03/07/2014,0.00%
02/07/2014,0.87%
01/07/2014,-0.06%
30/06/2014,0.26%
27/06/2014,-0.66%
26/06/2014,2.78%
25/06/2014,0.01%
24/06/2014,1.81%
23/06/2014,-0.31%
20/06/2014,0.47%
19/06/2014,1.72%
18/06/2014,0.12%
17/06/2014,-0.92%
16/06/2014,-0.54%
13/06/2014,-0.90%
12/06/2014,-0.13%
11/06/2014,-0.45%
10/06/2014,0.60%
09/06/2014,-0.16%
06/06/2014,2.13%
05/06/2014,0.90%
04/06/2014,-1.72%
03/06/2014,-1.73%
02/06/2014,-0.02%
30/05/2014,-0.45%
29/05/2014,-0.22%
28/05/2014,1.54%
27/05/2014,1.60%
23/05/2014,1.13%
22/05/2014,1.54%
21/05/2014,0.60%
20/05/2014,1.93%
19/05/2014,-0.32%
16/05/2014,-0.82%
15/05/2014,-1.37%
14/05/2014,0.40%
13/05/2014,1.41%
12/05/2014,2.50%
09/05/2014,0.45%
08/05/2014,-1.42%
07/05/2014,-1.80%
06/05/2014,0.08%
05/05/2014,-1.67%
02/05/2014,1.26%
01/05/2014,-0.09%
30/04/2014,2.07%
29/04/2014,-0.05%
28/04/2014,-1.02%
25/04/2014,-1.43%
24/04/2014,-0.70%
23/04/2014,0.97%
22/04/2014,-1.39%
21/04/2014,-2.32%
17/04/2014,1.07%
16/04/2014,1.15%
15/04/2014,-0.27%
14/04/2014,1.07%
11/04/2014,-5.74%
10/04/2014,0.96%
09/04/2014,3.14%
08/04/2014,0.34%
07/04/2014,-5.90%
04/04/2014,0.84%
03/04/2014,-5.02%
02/04/2014,7.39%
01/04/2014,-1.44%
31/03/2014,1.01%
28/03/2014,-1.20%
27/03/2014,-51.12%
26/03/2014,-0.34%
25/03/2014,-1.54%
24/03/2014,-1.83%
21/03/2014,0.53%
20/03/2014,-0.98%
19/03/2014,1.43%
18/03/2014,1.31%
17/03/2014,-0.23%
14/03/2014,-2.15%
13/03/2014,0.97%
12/03/2014,-1.43%
11/03/2014,-0.16%
10/03/2014,-0.91%
07/03/2014,0.37%
06/03/2014,0.60%
05/03/2014,0.00%
04/03/2014,0.68%
03/03/2014,-1.11%
28/02/2014,0.16%
27/02/2014,-0.46%
26/02/2014,0.66%
25/02/2014,0.88%
24/02/2014,-0.20%
21/02/2014,0.39%
20/02/2014,-0.18%
19/02/2014,0.32%
18/02/2014,0.49%
14/02/2014,1.26%
13/02/2014,-0.69%
12/02/2014,0.75%
11/02/2014,0.71%
10/02/2014,0.36%
07/02/2014,1.43%
06/02/2014,0.68%
05/02/2014,0.47%
04/02/2014,-3.49%
03/02/2014,0.67%
31/01/2014,2.30%
30/01/2014,2.31%
29/01/2014,0.79%
28/01/2014,-1.40%
27/01/2014,-2.16%
24/01/2014,-0.77%
23/01/2014,-0.57%
22/01/2014,0.49%
21/01/2014,0.35%
17/01/2014,0.67%
16/01/2014,-0.34%
15/01/2014,1.32%
14/01/2014,1.02%
13/01/2014,-1.11%
10/01/2014,-0.38%
09/01/2014,-0.22%
08/01/2014,1.87%
07/01/2014,1.08%
06/01/2014,-0.18%
03/01/2014,-0.04%
02/01/2014,0.29%
31/12/2013,-0.72%
30/12/2013,0.03%
27/12/2013,0.54%
26/12/2013,-0.09%
24/12/2013,0.64%
23/12/2013,1.80%
20/12/2013,0.70%
19/12/2013,0.83%
18/12/2013,-0.09%
17/12/2013,0.83%
16/12/2013,-1.06%
13/12/2013,-0.39%
12/12/2013,-0.72%
11/12/2013,1.05%
10/12/2013,0.48%
09/12/2013,0.11%
06/12/2013,1.19%
05/12/2013,0.55%
04/12/2013,0.04%
03/12/2013,-1.18%
02/12/2013,0.13%
29/11/2013,0.01%
27/11/2013,1.28%
26/11/2013,1.10%
25/11/2013,0.36%
22/11/2013,0.63%
21/11/2013,-0.29%
20/11/2013,-0.17%
19/11/2013,-0.39%
18/11/2013,0.09%
15/11/2013,0.09%
14/11/2013,2.70%
13/11/2013,-0.09%
12/11/2013,-0.18%
11/11/2013,0.08%
08/11/2013,-1.36%
07/11/2013,-0.29%
06/11/2013,0.51%
05/11/2013,-1.08%
04/11/2013,-0.03%
01/11/2013,0.28%
31/10/2013,-0.82%
30/10/2013,1.80%
29/10/2013,0.38%
28/10/2013,-1.32%
25/10/2013,-0.30%
24/10/2013,3.08%
23/10/2013,-0.40%
22/10/2013,-0.64%
21/10/2013,3.57%
18/10/2013,9.36%
17/10/2013,0.80%
16/10/2013,1.15%
15/10/2013,1.05%
14/10/2013,0.07%
11/10/2013,0.25%
10/10/2013,0.88%
09/10/2013,-1.04%
08/10/2013,-0.25%
07/10/2013,-0.86%
04/10/2013,-1.46%
03/10/2013,0.60%
02/10/2013,0.28%
01/10/2013,1.29%
30/09/2013,-0.66%
27/09/2013,-0.40%
26/09/2013,-0.93%
25/09/2013,0.01%
24/09/2013,-1.08%
23/09/2013,-0.25%
20/09/2013,-0.84%
19/09/2013,2.22%
18/09/2013,-0.12%
17/09/2013,-0.98%
16/09/2013,0.19%
13/09/2013,-0.32%
12/09/2013,1.00%
11/09/2013,-0.17%
10/09/2013,0.71%
09/09/2013,0.15%
06/09/2013,1.02%
05/09/2013,1.53%
04/09/2013,0.70%
03/09/2013,-0.16%
30/08/2013,0.79%
29/08/2013,-0.14%
28/08/2013,-1.09%
27/08/2013,-1.19%
26/08/2013,-0.89%
23/08/2013,0.59%
22/08/2013,0.24%
21/08/2013,0.26%
20/08/2013,1.24%
19/08/2013,-0.41%
16/08/2013,-0.37%
15/08/2013,-1.59%
14/08/2013,-0.95%
13/08/2013,-0.01%
12/08/2013,-0.41%
09/08/2013,-0.55%
08/08/2013,0.05%
07/08/2013,-1.07%
06/08/2013,-0.08%
05/08/2013,0.22%
02/08/2013,0.94%
01/08/2013,0.23%
31/07/2013,0.85%
30/07/2013,0.06%
29/07/2013,-0.24%
26/07/2013,-0.77%
25/07/2013,-1.48%
24/07/2013,-0.38%
23/07/2013,0.96%
22/07/2013,1.74%
19/07/2013,-3.52%
18/07/2013,-0.22%
17/07/2013,-0.66%
16/07/2013,0.31%
15/07/2013,0.47%
12/07/2013,0.77%
11/07/2013,1.06%
10/07/2013,-0.83%
09/07/2013,1.31%
08/07/2013,1.03%
05/07/2013,1.15%
03/07/2013,-1.16%
02/07/2013,0.42%
01/07/2013,1.32%
28/06/2013,-0.44%
27/06/2013,0.58%
26/06/2013,-0.40%
25/06/2013,0.62%
24/06/2013,-1.85%
21/06/2013,-0.63%
20/06/2013,-0.82%
19/06/2013,1.43%
18/06/2013,1.07%
17/06/2013,-0.10%
14/06/2013,1.28%
13/06/2013,-1.86%
12/06/2013,0.17%
11/06/2013,0.21%
10/06/2013,1.34%
07/06/2013,0.71%
06/06/2013,0.21%
05/06/2013,-0.62%
04/06/2013,-0.59%
03/06/2013,0.56%
31/05/2013,-0.21%
30/05/2013,-0.66%
29/05/2013,-0.88%
28/05/2013,0.94%
24/05/2013,-0.20%
23/05/2013,-2.83%
22/05/2013,-0.60%
21/05/2013,0.33%
20/05/2013,-0.55%
17/05/2013,-0.98%
16/05/2013,2.62%
15/05/2013,2.05%
14/05/2013,-0.16%
13/05/2013,0.41%
10/05/2013,0.51%
09/05/2013,1.61%
08/05/2013,-0.70%
07/05/2013,1.74%
06/05/2013,1.35%
03/05/2013,2.06%
02/05/2013,-0.38%
01/05/2013,0.52%
30/04/2013,1.96%
29/04/2013,-0.54%
26/04/2013,-1.06%
25/04/2013,1.01%
24/04/2013,0.89%
23/04/2013,0.05%
22/04/2013,4.09%
19/04/2013,-2.06%
18/04/2013,-0.18%
17/04/2013,0.02%
16/04/2013,0.08%
15/04/2013,-0.76%
12/04/2013,-0.11%
11/04/2013,1.27%
10/04/2013,0.96%
09/04/2013,-0.42%
08/04/2013,-0.93%
05/04/2013,-2.26%
04/04/2013,-1.13%
03/04/2013,1.11%
02/04/2013,1.20%
01/04/2013,-1.12%
28/03/2013,-0.33%
27/03/2013,-0.84%
26/03/2013,0.13%
25/03/2013,-0.29%
22/03/2013,0.43%
21/03/2013,-0.68%
20/03/2013,0.69%
19/03/2013,0.78%
18/03/2013,-1.65%
15/03/2013,-1.03%
14/03/2013,-0.11%
13/03/2013,-0.34%
12/03/2013,-0.12%
11/03/2013,-0.34%
08/03/2013,0.05%
07/03/2013,-0.83%
06/03/2013,1.46%
05/03/2013,2.93%
04/03/2013,0.94%
01/03/2013,-0.41%
28/02/2013,0.79%
27/02/2013,-0.03%
26/02/2013,-0.91%
25/02/2013,0.38%
22/02/2013,0.16%
21/02/2013,-0.91%
20/02/2013,1.17%
19/02/2013,1.09%
15/02/2013,0.98%
14/02/2013,-0.05%
13/02/2013,-0.21%
12/02/2013,0.43%
11/02/2013,-0.22%
08/02/2013,1.36%
07/02/2013,1.40%
06/02/2013,-0.27%
05/02/2013,-0.85%
04/02/2013,1.25%
01/02/2013,1.02%
31/01/2013,-0.43%
30/01/2013,0.94%
29/01/2013,-0.67%
28/01/2013,0.13%
25/01/2013,1.29%
24/01/2013,0.71%
23/01/2013,4.45%
22/01/2013,-0.80%
18/01/2013,-1.02%
17/01/2013,-0.65%
16/01/2013,0.43%
15/01/2013,-2.40%
14/01/2013,-0.67%
11/01/2013,-0.11%
10/01/2013,1.44%
09/01/2013,-0.44%
08/01/2013,0.01%
07/01/2013,0.84%
04/01/2013,0.61%
03/01/2013,0.77%
02/01/2013,2.77%
31/12/2012,-0.24%
28/12/2012,-0.77%
27/12/2012,-0.13%
26/12/2012,-0.90%
24/12/2012,0.08%
21/12/2012,-1.28%
20/12/2012,0.35%
19/12/2012,0.57%
18/12/2012,1.57%
17/12/2012,0.91%
14/12/2012,-2.34%
13/12/2012,2.39%
12/12/2012,1.34%
11/12/2012,0.67%
10/12/2012,-1.38%
07/12/2012,1.08%
06/12/2012,-0.66%
05/12/2012,-0.41%
04/12/2012,-1.03%
03/12/2012,1.58%
30/11/2012,0.51%
29/11/2012,2.96%
28/11/2012,1.19%
27/11/2012,-0.94%
26/11/2012,-0.53%
23/11/2012,0.15%
21/11/2012,-0.08%
20/11/2012,2.11%
19/11/2012,1.50%
16/11/2012,-0.62%
15/11/2012,-1.61%
14/11/2012,-0.35%
13/11/2012,-0.11%
12/11/2012,1.39%
09/11/2012,-2.32%
08/11/2012,-0.71%
07/11/2012,-1.53%
06/11/2012,0.14%
05/11/2012,-1.48%
02/11/2012,2.25%
01/11/2012,-0.05%
31/10/2012,0.50%
26/10/2012,-0.51%
25/10/2012,-0.99%
24/10/2012,2.20%
23/10/2012,-1.32%
22/10/2012,-3.48%
19/10/2012,-6.61%
18/10/2012,1.56%
17/10/2012,0.52%
16/10/2012,-0.24%
15/10/2012,-1.32%
12/10/2012,-0.14%
11/10/2012,1.49%
10/10/2012,-2.34%
09/10/2012,-0.17%
08/10/2012,-1.26%
05/10/2012,1.04%
04/10/2012,0.93%
03/10/2012,-1.24%
02/10/2012,0.81%
01/10/2012,0.65%
28/09/2012,-0.76%
27/09/2012,1.35%
26/09/2012,-0.42%
25/09/2012,3.02%
24/09/2012,-0.17%
21/09/2012,1.07%
20/09/2012,0.97%
19/09/2012,1.37%
18/09/2012,-0.05%
17/09/2012,-0.21%
14/09/2012,2.38%
13/09/2012,0.53%
12/09/2012,-1.22%
11/09/2012,-1.66%
10/09/2012,1.39%
07/09/2012,2.05%
06/09/2012,0.88%
05/09/2012,-0.66%
04/09/2012,0.08%
31/08/2012,-0.04%
30/08/2012,1.01%
29/08/2012,1.86%
28/08/2012,0.30%
27/08/2012,-1.87%
24/08/2012,0.20%
23/08/2012,1.03%
22/08/2012,-0.85%
21/08/2012,-0.35%
20/08/2012,0.20%
17/08/2012,0.99%
16/08/2012,-0.41%
15/08/2012,1.67%
14/08/2012,1.83%
13/08/2012,1.38%
10/08/2012,-0.92%
09/08/2012,0.85%
08/08/2012,-0.43%
07/08/2012,0.34%
06/08/2012,-0.06%
03/08/2012,2.32%
02/08/2012,-1.85%
01/08/2012,1.44%
31/07/2012,-1.22%
30/07/2012,2.77%
27/07/2012,0.63%
26/07/2012,1.10%
25/07/2012,-1.09%
24/07/2012,2.42%
23/07/2012,-1.36%
20/07/2012,3.86%
19/07/2012,1.59%
18/07/2012,-0.25%
17/07/2012,0.36%
16/07/2012,0.74%
13/07/2012,0.89%
12/07/2012,-1.59%
11/07/2012,-2.35%
10/07/2012,0.90%
09/07/2012,-1.27%
06/07/2012,0.63%
05/07/2012,1.51%
03/07/2012,-0.31%
02/07/2012,1.19%
29/06/2012,1.60%
28/06/2012,-0.32%
27/06/2012,0.88%
26/06/2012,-0.81%
25/06/2012,-0.12%
22/06/2012,-2.04%
21/06/2012,0.01%
20/06/2012,1.08%
19/06/2012,1.95%
18/06/2012,0.41%
15/06/2012,-0.17%
14/06/2012,-0.07%
13/06/2012,-1.41%
12/06/2012,-2.47%
11/06/2012,1.45%
08/06/2012,-2.00%
07/06/2012,1.93%
06/06/2012,0.18%
05/06/2012,0.92%
04/06/2012,-0.27%
01/06/2012,-2.88%
31/05/2012,0.10%
30/05/2012,-1.28%
29/05/2012,-0.86%
25/05/2012,-1.34%
24/05/2012,1.25%
23/05/2012,-1.92%
22/05/2012,2.15%
21/05/2012,-3.93%
18/05/2012,-1.38%
17/05/2012,2.57%
16/05/2012,2.08%
15/05/2012,0.76%
14/05/2012,-1.57%
11/05/2012,-0.43%
10/05/2012,1.01%
09/05/2012,0.21%
08/05/2012,1.77%
07/05/2012,-1.80%
04/05/2012,-0.61%
03/05/2012,1.40%
02/05/2012,-0.43%
01/05/2012,-1.50%
30/04/2012,-0.33%
27/04/2012,0.67%
26/04/2012,1.14%
25/04/2012,0.96%
24/04/2012,0.90%
23/04/2012,-1.88%
20/04/2012,-0.24%
19/04/2012,-0.39%
18/04/2012,-0.08%
17/04/2012,-2.32%
16/04/2012,-3.79%
13/04/2012,0.81%
12/04/2012,1.32%
11/04/2012,0.07%
10/04/2012,0.80%
09/04/2012,-0.59%
05/04/2012,-0.97%
04/04/2012,-1.08%
03/04/2012,0.72%
02/04/2012,-1.68%
30/03/2012,-0.26%
29/03/2012,0.22%
28/03/2012,0.77%
27/03/2012,0.31%
26/03/2012,-0.25%
23/03/2012,1.27%
22/03/2012,0.61%
21/03/2012,0.58%
20/03/2012,1.25%
19/03/2012,0.36%
16/03/2012,0.70%
15/03/2012,0.26%
14/03/2012,1.03%
13/03/2012,1.46%
12/03/2012,-1.31%
09/03/2012,-0.34%
08/03/2012,0.16%
07/03/2012,0.16%
06/03/2012,-2.00%
05/03/2012,-0.25%
02/03/2012,-0.04%
01/03/2012,0.59%
29/02/2012,1.41%
28/02/2012,0.56%
27/02/2012,-0.13%
24/02/2012,0.06%
23/02/2012,-0.81%
22/02/2012,1.34%
21/02/2012,-0.18%
17/02/2012,0.36%
16/02/2012,-1.65%
15/02/2012,0.23%
14/02/2012,0.17%
13/02/2012,0.43%
10/02/2012,-0.68%
09/02/2012,0.56%
08/02/2012,0.25%
07/02/2012,2.04%
06/02/2012,0.74%
03/02/2012,0.99%
02/02/2012,-0.01%
01/02/2012,0.33%
31/01/2012,0.86%
30/01/2012,1.27%
27/01/2012,-0.21%
26/01/2012,-0.96%
25/01/2012,-1.50%
24/01/2012,0.05%
23/01/2012,-0.77%
20/01/2012,-7.87%
19/01/2012,2.29%
18/01/2012,-0.85%
17/01/2012,0.91%
13/01/2012,-0.79%
12/01/2012,1.24%
11/01/2012,-0.99%
10/01/2012,-2.59%
09/01/2012,-1.92%
06/01/2012,-0.45%
05/01/2012,-0.44%
04/01/2012,1.85%
03/01/2012,1.70%
30/12/2011,0.08%
29/12/2011,-0.20%
28/12/2011,1.69%
27/12/2011,0.01%
23/12/2011,0.64%
22/12/2011,-0.33%
21/12/2011,0.32%
20/12/2011,-0.00%
19/12/2011,0.59%
16/12/2011,0.29%
15/12/2011,0.11%
14/12/2011,-1.10%
13/12/2011,1.11%
12/12/2011,0.63%
09/12/2011,-0.49%
08/12/2011,-0.10%
07/12/2011,-0.21%
06/12/2011,-0.74%
05/12/2011,1.72%
02/12/2011,2.84%
01/12/2011,0.34%
30/11/2011,1.71%
29/11/2011,1.47%
28/11/2011,2.51%
25/11/2011,-1.77%
23/11/2011,-0.80%
22/11/2011,-1.32%
21/11/2011,-2.37%
18/11/2011,-1.32%
17/11/2011,-0.33%
16/11/2011,-0.12%
15/11/2011,0.79%
14/11/2011,1.11%
11/11/2011,-0.76%
10/11/2011,0.28%
09/11/2011,-0.78%
08/11/2011,2.64%
07/11/2011,-0.03%
04/11/2011,1.11%
03/11/2011,0.36%
02/11/2011,0.83%
01/11/2011,-2.52%
31/10/2011,0.10%
28/10/2011,-0.65%
27/10/2011,1.50%
26/10/2011,-0.60%
25/10/2011,1.09%
24/10/2011,-0.47%
21/10/2011,1.31%
20/10/2011,-0.93%
19/10/2011,1.23%
18/10/2011,-0.60%
17/10/2011,-2.63%
14/10/2011,8.99%
13/10/2011,0.35%
12/10/2011,2.75%
11/10/2011,1.58%
10/10/2011,1.62%
07/10/2011,1.84%
06/10/2011,2.25%
05/10/2011,1.29%
04/10/2011,-3.89%
03/10/2011,-1.99%
30/09/2011,-2.95%
29/09/2011,-1.01%
28/09/2011,0.61%
27/09/2011,2.08%
26/09/2011,2.07%
23/09/2011,-1.84%
22/09/2011,-3.91%
21/09/2011,-0.31%
20/09/2011,1.67%
19/09/2011,-0.82%
16/09/2011,1.74%
15/09/2011,0.55%
14/09/2011,0.11%
13/09/2011,2.71%
12/09/2011,-2.53%
09/09/2011,-0.45%
08/09/2011,0.63%
07/09/2011,3.85%
06/09/2011,-2.61%
02/09/2011,-3.01%
01/09/2011,-0.73%
31/08/2011,1.22%
30/08/2011,0.68%
29/08/2011,2.80%
26/08/2011,-1.96%
25/08/2011,2.13%
24/08/2011,3.14%
23/08/2011,-0.10%
22/08/2011,0.93%
19/08/2011,-4.61%
18/08/2011,-3.07%
17/08/2011,-2.24%
16/08/2011,-0.18%
15/08/2011,-2.82%
12/08/2011,2.83%
11/08/2011,-1.35%
10/08/2011,0.07%
09/08/2011,-0.35%
08/08/2011,-3.36%
05/08/2011,-2.01%
04/08/2011,0.04%
03/08/2011,-1.94%
02/08/2011,-0.85%
01/08/2011,1.16%
29/07/2011,-0.16%
28/07/2011,-1.94%
27/07/2011,-0.14%
26/07/2011,0.76%
25/07/2011,1.32%
22/07/2011,1.91%
21/07/2011,-1.35%
20/07/2011,1.01%
19/07/2011,0.62%
18/07/2011,-0.84%
15/07/2011,10.83%
14/07/2011,0.39%
13/07/2011,1.67%
12/07/2011,-0.00%
11/07/2011,-0.90%
08/07/2011,-1.49%
07/07/2011,1.41%
06/07/2011,1.56%
05/07/2011,3.66%
01/07/2011,0.95%
30/06/2011,1.10%
29/06/2011,2.59%
28/06/2011,2.11%
27/06/2011,-1.39%
24/06/2011,-0.30%
23/06/2011,-1.90%
22/06/2011,0.87%
21/06/2011,0.45%
20/06/2011,-4.18%
17/06/2011,0.67%
16/06/2011,-0.44%
15/06/2011,-0.61%
14/06/2011,-0.36%
13/06/2011,-0.79%
10/06/2011,-1.14%
09/06/2011,0.67%
08/06/2011,-1.22%
07/06/2011,-0.12%
06/06/2011,0.30%
03/06/2011,-1.06%
02/06/2011,-0.09%
01/06/2011,0.58%
31/05/2011,1.26%
27/05/2011,0.15%
26/05/2011,0.07%
25/05/2011,-0.58%
24/05/2011,0.73%
23/05/2011,-2.86%
20/05/2011,-0.17%
19/05/2011,0.60%
18/05/2011,2.74%
17/05/2011,-2.07%
16/05/2011,-1.55%
13/05/2011,-0.12%
12/05/2011,-0.91%
11/05/2011,0.03%
10/05/2011,0.93%
09/05/2011,-0.59%
06/05/2011,0.80%
05/05/2011,-0.24%
04/05/2011,-0.36%
03/05/2011,-1.57%
02/05/2011,1.06%
29/04/2011,0.36%
28/04/2011,0.01%
27/04/2011,2.18%
26/04/2011,0.24%
25/04/2011,-0.42%
21/04/2011,0.30%
20/04/2011,-0.76%
19/04/2011,0.67%
18/04/2011,-3.46%
15/04/2011,-5.20%
14/04/2011,-0.06%
13/04/2011,0.09%
12/04/2011,-0.21%
11/04/2011,-1.49%
08/04/2011,1.59%
07/04/2011,0.62%
06/04/2011,-1.53%
05/04/2011,-2.01%
04/04/2011,0.72%
01/04/2011,0.99%
31/03/2011,-0.24%
30/03/2011,1.45%
29/03/2011,-1.04%
28/03/2011,-0.82%
25/03/2011,0.25%
24/03/2011,1.78%
23/03/2011,-0.36%
22/03/2011,1.24%
21/03/2011,0.99%
18/03/2011,0.03%
17/03/2011,-0.62%
16/03/2011,1.89%
15/03/2011,-2.67%
14/03/2011,-0.94%
11/03/2011,-1.23%
10/03/2011,-0.94%
09/03/2011,-0.33%
08/03/2011,-1.27%
07/03/2011,-1.28%
04/03/2011,0.32%
03/03/2011,1.10%
02/03/2011,-2.91%
01/03/2011,1.28%
28/02/2011,-0.30%
25/02/2011,0.08%
24/02/2011,0.17%
23/02/2011,-1.56%
22/02/2011,-0.95%
18/02/2011,0.76%
17/02/2011,-0.70%
16/02/2011,-0.27%
15/02/2011,0.64%
14/02/2011,1.56%
11/02/2011,-0.02%
10/02/2011,-0.48%
09/02/2011,0.32%
08/02/2011,0.78%
07/02/2011,0.00%
04/02/2011,0.11%
03/02/2011,-0.25%
02/02/2011,1.08%
01/02/2011,0.15%
31/01/2011,-2.50%
28/01/2011,0.19%
27/01/2011,-0.39%
26/01/2011,1.99%
25/01/2011,0.10%
24/01/2011,-5.00%
21/01/2011,1.17%
20/01/2011,-1.54%
19/01/2011,2.57%
18/01/2011,1.40%
14/01/2011,0.07%
13/01/2011,-0.38%
12/01/2011,0.27%
11/01/2011,0.47%
10/01/2011,-0.18%
07/01/2011,0.86%
06/01/2011,1.77%
05/01/2011,-0.92%
04/01/2011,1.53%
03/01/2011,-0.04%
31/12/2010,-0.21%
30/12/2010,-0.66%
29/12/2010,-0.01%
28/12/2010,-0.11%
27/12/2010,-0.43%
23/12/2010,0.22%
22/12/2010,0.91%
21/12/2010,0.66%
20/12/2010,0.62%
17/12/2010,-0.31%
16/12/2010,-0.23%
15/12/2010,-0.48%
14/12/2010,-0.01%
13/12/2010,0.67%
10/12/2010,-0.12%
09/12/2010,0.32%
08/12/2010,0.12%
07/12/2010,1.84%
06/12/2010,1.95%
03/12/2010,0.14%
02/12/2010,1.01%
01/12/2010,-1.97%
30/11/2010,-2.52%
29/11/2010,-0.22%
26/11/2010,0.54%
24/11/2010,0.05%
23/11/2010,-0.08%
22/11/2010,-1.60%
19/11/2010,1.36%
18/11/2010,0.68%
17/11/2010,-1.31%
16/11/2010,-1.71%
15/11/2010,-1.78%
12/11/2010,-0.92%
11/11/2010,-0.38%
10/11/2010,-1.26%
09/11/2010,0.96%
08/11/2010,0.13%
05/11/2010,-0.23%
04/11/2010,1.16%
03/11/2010,-0.19%
02/11/2010,0.48%
01/11/2010,-0.22%
29/10/2010,-0.48%
28/10/2010,0.70%
27/10/2010,0.44%
26/10/2010,-0.40%
25/10/2010,0.60%
22/10/2010,0.07%
21/10/2010,0.55%
20/10/2010,-0.12%
19/10/2010,1.38%
18/10/2010,0.21%
15/10/2010,10.12%
14/10/2010,-0.52%
13/10/2010,1.27%
12/10/2010,0.30%
11/10/2010,1.07%
08/10/2010,-0.64%
07/10/2010,-0.57%
06/10/2010,2.06%
05/10/2010,0.65%
04/10/2010,-0.95%
01/10/2010,0.16%
30/09/2010,0.25%
29/09/2010,-1.06%
28/09/2010,0.88%
27/09/2010,1.36%
24/09/2010,1.39%
23/09/2010,0.34%
22/09/2010,0.62%
21/09/2010,3.49%
20/09/2010,1.81%
17/09/2010,0.79%
16/09/2010,0.00%
15/09/2010,-0.43%
14/09/2010,0.23%
13/09/2010,0.39%
10/09/2010,0.25%
09/09/2010,2.72%
08/09/2010,0.15%
07/09/2010,-1.28%
03/09/2010,1.66%
02/09/2010,1.73%
01/09/2010,1.08%
31/08/2010,-1.97%
30/08/2010,1.46%
27/08/2010,-0.77%
26/08/2010,1.35%
25/08/2010,-1.68%
24/08/2010,-0.82%
23/08/2010,-1.38%
20/08/2010,-2.71%
19/08/2010,-1.92%
18/08/2010,0.39%
17/08/2010,1.00%
16/08/2010,-1.09%
13/08/2010,1.05%
12/08/2010,-2.77%
11/08/2010,-0.92%
10/08/2010,0.02%
09/08/2010,-0.62%
06/08/2010,-0.10%
05/08/2010,2.79%
04/08/2010,0.34%
03/08/2010,0.31%
02/08/2010,1.95%
30/07/2010,-1.30%
29/07/2010,-1.82%
28/07/2010,0.89%
27/07/2010,0.30%
26/07/2010,1.73%
23/07/2010,-0.51%
22/07/2010,-0.16%
21/07/2010,4.98%
20/07/2010,0.00%
19/07/2010,-1.73%
16/07/2010,-4.60%
15/07/2010,0.38%
14/07/2010,1.58%
13/07/2010,2.09%
12/07/2010,0.09%
09/07/2010,4.06%
08/07/2010,3.48%
07/07/2010,-1.28%
06/07/2010,0.54%
02/07/2010,-0.82%
01/07/2010,-2.13%
30/06/2010,-1.83%
29/06/2010,-1.94%
28/06/2010,-0.94%
25/06/2010,-0.54%
24/06/2010,-1.48%
23/06/2010,-0.61%
22/06/2010,-2.00%
21/06/2010,-0.52%
18/06/2010,-0.19%
17/06/2010,1.47%
16/06/2010,2.71%
15/06/2010,-2.31%
14/06/2010,2.48%
11/06/2010,0.44%
10/06/2010,-1.41%
09/06/2010,-0.13%
08/06/2010,-2.25%
07/06/2010,-0.13%
04/06/2010,0.93%
03/06/2010,1.73%
02/06/2010,1.30%
01/06/2010,-2.50%
28/05/2010,1.61%
27/05/2010,0.60%
26/05/2010,2.97%
25/05/2010,-2.62%
24/05/2010,2.49%
21/05/2010,-3.30%
20/05/2010,-2.25%
19/05/2010,-2.69%
18/05/2010,0.64%
17/05/2010,-0.59%
14/05/2010,-1.30%
13/05/2010,0.87%
12/05/2010,-0.70%
11/05/2010,0.33%
10/05/2010,2.80%
07/05/2010,-1.73%
06/05/2010,1.55%
05/05/2010,-4.85%
04/05/2010,0.00%
03/05/2010,-0.87%
30/04/2010,-0.42%
29/04/2010,0.24%
28/04/2010,0.60%
27/04/2010,-2.94%
26/04/2010,-0.42%
23/04/2010,-0.86%
22/04/2010,-0.80%
21/04/2010,0.41%
20/04/2010,0.99%
19/04/2010,-2.53%
16/04/2010,-4.93%
15/04/2010,0.36%
14/04/2010,3.06%
13/04/2010,0.91%
12/04/2010,-0.02%
09/04/2010,0.74%
08/04/2010,-0.70%
07/04/2010,-0.38%
06/04/2010,-0.25%
05/04/2010,-0.08%
01/04/2010,1.11%
31/03/2010,0.39%
30/03/2010,-0.03%
29/03/2010,-0.40%
26/03/2010,1.12%
25/03/2010,2.48%
24/03/2010,-2.07%
23/03/2010,0.17%
22/03/2010,-0.69%
19/03/2010,-0.84%
18/03/2010,-0.63%
17/03/2010,1.15%
16/03/2010,-0.86%
15/03/2010,-3.65%
12/03/2010,2.42%
11/03/2010,1.86%
10/03/2010,0.70%
09/03/2010,-0.87%
08/03/2010,0.61%
05/03/2010,2.72%
04/03/2010,0.76%
03/03/2010,1.28%
02/03/2010,1.19%
01/03/2010,0.34%
26/02/2010,0.06%
25/02/2010,-1.28%
24/02/2010,-1.66%
23/02/2010,-0.79%
22/02/2010,1.26%
19/02/2010,0.56%
18/02/2010,-0.82%
17/02/2010,0.96%
16/02/2010,0.73%
12/02/2010,-0.07%
11/02/2010,-0.14%
10/02/2010,-1.01%
09/02/2010,1.32%
08/02/2010,0.78%
05/02/2010,-1.60%
04/02/2010,1.58%
03/02/2010,-1.18%
02/02/2010,0.07%
01/02/2010,-0.72%
29/01/2010,-1.10%
28/01/2010,0.59%
27/01/2010,0.61%
26/01/2010,-1.58%
25/01/2010,-3.17%
22/01/2010,-3.25%
21/01/2010,-0.43%
20/01/2010,0.82%
19/01/2010,-2.05%
15/01/2010,1.62%
14/01/2010,1.29%
13/01/2010,-3.54%
12/01/2010,-1.13%
11/01/2010,2.10%
08/01/2010,-2.86%
07/01/2010,-2.63%
06/01/2010,-0.21%
05/01/2010,0.04%
04/01/2010,0.35%
31/12/2009,1.01%
30/12/2009,-1.00%
29/12/2009,0.50%
28/12/2009,1.42%
24/12/2009,1.56%
23/12/2009,0.36%
22/12/2009,0.62%
21/12/2009,0.27%
18/12/2009,-0.07%
17/12/2009,-0.36%
16/12/2009,0.89%
15/12/2009,-0.34%
14/12/2009,0.11%
11/12/2009,0.72%
10/12/2009,0.50%
09/12/2009,0.69%
08/12/2009,-0.12%
07/12/2009,-1.49%
04/12/2009,0.68%
03/12/2009,-0.33%
02/12/2009,0.49%
01/12/2009,1.29%
30/11/2009,1.51%
27/11/2009,-2.46%
25/11/2009,0.67%
24/11/2009,1.05%
23/11/2009,1.23%
20/11/2009,-0.74%
19/11/2009,-0.50%
18/11/2009,0.31%
17/11/2009,-0.02%
16/11/2009,1.00%
13/11/2009,-0.05%
12/11/2009,-0.16%
11/11/2009,1.38%
10/11/2009,1.31%
09/11/2009,1.41%
06/11/2009,0.78%
05/11/2009,0.50%
04/11/2009,2.04%
03/11/2009,-1.32%
02/11/2009,-2.35%
30/10/2009,1.29%
29/10/2009,-0.89%
28/10/2009,-0.56%
27/10/2009,-0.86%
26/10/2009,0.09%
23/10/2009,0.95%
22/10/2009,0.02%
21/10/2009,-0.31%
20/10/2009,-0.19%
19/10/2009,0.98%
16/10/2009,2.54%
15/10/2009,0.24%
14/10/2009,1.54%
13/10/2009,0.19%
12/10/2009,1.31%
09/10/2009,-0.56%
08/10/2009,4.12%
07/10/2009,1.48%
06/10/2009,0.83%
05/10/2009,0.81%
02/10/2009,-1.88%
01/10/2009,-1.40%
30/09/2009,0.09%
29/09/2009,0.95%
28/09/2009,0.11%
25/09/2009,-1.23%
24/09/2009,-0.06%
23/09/2009,-0.03%
22/09/2009,2.70%
21/09/2009,-1.82%
18/09/2009,1.26%
17/09/2009,2.24%
16/09/2009,0.99%
15/09/2009,0.97%
14/09/2009,0.02%
11/09/2009,0.80%
10/09/2009,1.65%
09/09/2009,-1.13%
08/09/2009,1.47%
04/09/2009,0.38%
03/09/2009,0.00%
02/09/2009,-0.84%
01/09/2009,-0.02%
31/08/2009,-2.02%
28/08/2009,0.15%
27/08/2009,-0.88%
26/08/2009,0.77%
25/08/2009,0.38%
24/08/2009,0.39%
21/08/2009,3.00%
20/08/2009,2.73%
19/08/2009,-1.15%
18/08/2009,-1.42%
17/08/2009,-2.44%
14/08/2009,0.14%
13/08/2009,1.48%
12/08/2009,0.38%
11/08/2009,-0.32%
10/08/2009,-0.12%
07/08/2009,0.30%
06/08/2009,-0.37%
05/08/2009,1.48%
04/08/2009,0.14%
03/08/2009,-0.28%
31/07/2009,1.67%
30/07/2009,1.23%
29/07/2009,-0.85%
28/07/2009,-1.13%
27/07/2009,2.35%
24/07/2009,1.66%
23/07/2009,0.16%
22/07/2009,-0.68%
21/07/2009,0.25%
20/07/2009,-0.72%
17/07/2009,-0.84%
16/07/2009,1.63%
15/07/2009,1.40%
14/07/2009,1.81%
13/07/2009,1.61%
10/07/2009,0.85%
09/07/2009,1.53%
08/07/2009,-2.02%
07/07/2009,0.43%
06/07/2009,-2.14%
02/07/2009,-2.07%
01/07/2009,0.05%
30/06/2009,-0.47%
29/06/2009,2.98%
26/06/2009,1.64%
25/06/2009,-0.43%
24/06/2009,0.51%
23/06/2009,-2.47%
22/06/2009,-0.30%
19/06/2009,0.61%
18/06/2009,-0.12%
17/06/2009,-0.74%
16/06/2009,-0.52%
15/06/2009,-1.26%
12/06/2009,-1.14%
11/06/2009,-1.02%
10/06/2009,-0.54%
09/06/2009,-0.21%
08/06/2009,-1.25%
05/06/2009,2.24%
04/06/2009,2.18%
03/06/2009,-0.06%
02/06/2009,1.80%
01/06/2009,1.61%
29/05/2009,0.84%
28/05/2009,0.75%
27/05/2009,3.49%
26/05/2009,-1.19%
22/05/2009,0.09%
21/05/2009,-1.44%
20/05/2009,1.51%
19/05/2009,0.35%
18/05/2009,0.93%
15/05/2009,0.59%
14/05/2009,-1.34%
13/05/2009,-3.88%
12/05/2009,1.79%
11/05/2009,-0.01%
08/05/2009,-0.31%
07/05/2009,-0.66%
06/05/2009,1.70%
05/05/2009,0.45%
04/05/2009,0.79%
01/05/2009,-0.18%
30/04/2009,2.54%
29/04/2009,0.58%
28/04/2009,-0.15%
27/04/2009,-0.44%
24/04/2009,-0.38%
23/04/2009,1.51%
22/04/2009,1.48%
21/04/2009,-2.58%
20/04/2009,0.03%
17/04/2009,1.18%
16/04/2009,3.92%
15/04/2009,-2.61%
14/04/2009,1.51%
13/04/2009,0.50%
09/04/2009,1.65%
08/04/2009,0.25%
07/04/2009,-1.20%
06/04/2009,0.69%
03/04/2009,0.33%
02/04/2009,5.68%
01/04/2009,-1.48%
31/03/2009,1.86%
30/03/2009,-2.13%
27/03/2009,-0.89%
26/03/2009,0.78%
25/03/2009,1.13%
24/03/2009,3.88%
23/03/2009,0.99%
20/03/2009,-0.42%
19/03/2009,-0.93%
18/03/2009,4.57%
17/03/2009,-1.78%
16/03/2009,-0.03%
13/03/2009,2.70%
12/03/2009,2.40%
11/03/2009,3.97%
10/03/2009,-0.58%
09/03/2009,-2.36%
06/03/2009,-2.93%
05/03/2009,-2.07%
04/03/2009,-2.09%
03/03/2009,-0.98%
02/03/2009,0.11%
27/02/2009,-3.76%
26/02/2009,1.11%
25/02/2009,3.36%
24/02/2009,-4.61%
23/02/2009,2.65%
20/02/2009,-5.43%
19/02/2009,2.95%
18/02/2009,0.21%
17/02/2009,-4.33%
13/02/2009,2.56%
12/02/2009,-1.61%
11/02/2009,-4.53%
10/02/2009,1.27%
09/02/2009,4.16%
06/02/2009,4.56%
05/02/2009,0.25%
04/02/2009,-0.73%
03/02/2009,2.48%
02/02/2009,-3.02%
30/01/2009,0.04%
29/01/2009,1.94%
28/01/2009,3.53%
27/01/2009,0.49%
26/01/2009,5.04%
23/01/2009,3.77%
22/01/2009,3.36%
21/01/2009,-3.61%
20/01/2009,-1.93%
16/01/2009,2.50%
15/01/2009,-4.01%
14/01/2009,-0.57%
13/01/2009,-1.44%
12/01/2009,-3.42%
09/01/2009,2.90%
08/01/2009,-3.06%
07/01/2009,-1.40%
06/01/2009,3.73%
05/01/2009,4.02%
02/01/2009,1.45%
31/12/2008,1.13%
30/12/2008,0.19%
29/12/2008,-1.27%
26/12/2008,0.86%
24/12/2008,0.35%
23/12/2008,-2.63%
22/12/2008,-0.78%
19/12/2008,-1.80%
18/12/2008,-0.61%
17/12/2008,1.31%
16/12/2008,0.16%
15/12/2008,6.19%
12/12/2008,-2.78%
11/12/2008,-1.64%
10/12/2008,3.88%
09/12/2008,2.66%
08/12/2008,7.00%
05/12/2008,-1.99%
04/12/2008,2.48%
03/12/2008,0.04%
02/12/2008,-5.91%
01/12/2008,-1.34%
28/11/2008,3.67%
26/11/2008,4.32%
25/11/2008,-0.22%
24/11/2008,2.57%
21/11/2008,-4.50%
20/11/2008,-6.94%
19/11/2008,-2.05%
18/11/2008,-0.47%
17/11/2008,-0.08%
14/11/2008,3.93%
13/11/2008,-3.40%
12/11/2008,-2.15%
11/11/2008,-5.89%
10/11/2008,-1.54%
07/11/2008,-2.01%
06/11/2008,-6.12%
05/11/2008,2.46%
04/11/2008,-1.16%
03/11/2008,0.40%
31/10/2008,-3.34%
30/10/2008,0.73%
29/10/2008,7.89%
28/10/2008,1.27%
27/10/2008,2.55%
24/10/2008,-7.69%
23/10/2008,-0.94%
22/10/2008,-4.14%
21/10/2008,-1.94%
20/10/2008,0.21%
17/10/2008,13.88%
16/10/2008,-6.17%
15/10/2008,-9.88%
14/10/2008,10.61%
13/10/2008,13.61%
10/10/2008,-9.10%
09/10/2008,4.35%
08/10/2008,-11.56%
07/10/2008,-0.17%
06/10/2008,-5.88%
03/10/2008,-3.04%
02/10/2008,-0.33%
01/10/2008,3.83%
30/09/2008,-5.61%
29/09/2008,-1.98%
26/09/2008,-2.47%
25/09/2008,1.98%
24/09/2008,-0.67%
23/09/2008,-4.60%
22/09/2008,-1.49%
19/09/2008,9.08%
18/09/2008,-3.61%
17/09/2008,2.94%
16/09/2008,0.46%
15/09/2008,-1.44%
12/09/2008,5.35%
11/09/2008,-3.80%
10/09/2008,0.31%
09/09/2008,-6.38%
08/09/2008,1.47%
05/09/2008,-3.15%
04/09/2008,-1.86%
03/09/2008,-1.69%
02/09/2008,1.49%
29/08/2008,-0.58%
28/08/2008,-0.26%
27/08/2008,-2.01%
26/08/2008,-0.55%
25/08/2008,-1.10%
22/08/2008,1.78%
21/08/2008,-2.39%
20/08/2008,0.87%
19/08/2008,-3.81%
18/08/2008,0.56%
15/08/2008,1.87%
14/08/2008,-0.78%
13/08/2008,-0.08%
12/08/2008,1.94%
11/08/2008,2.57%
08/08/2008,-0.38%
07/08/2008,0.76%
06/08/2008,2.31%
05/08/2008,-0.11%
04/08/2008,-0.93%
01/08/2008,-0.43%
31/07/2008,-2.25%
30/07/2008,1.29%
29/07/2008,-2.60%
28/07/2008,1.15%
25/07/2008,-2.06%
24/07/2008,3.13%
23/07/2008,3.19%
22/07/2008,-2.94%
21/07/2008,-3.51%
18/07/2008,-6.70%
17/07/2008,3.91%
16/07/2008,-0.43%
15/07/2008,-4.22%
14/07/2008,0.47%
11/07/2008,-1.56%
10/07/2008,-1.05%
09/07/2008,0.87%
08/07/2008,0.68%
07/07/2008,2.15%
03/07/2008,-1.05%
02/07/2008,3.26%
01/07/2008,-2.42%
30/06/2008,0.91%
27/06/2008,-3.02%
26/06/2008,-0.16%
25/06/2008,-0.03%
24/06/2008,-0.04%
23/06/2008,-2.09%
20/06/2008,0.29%
19/06/2008,-1.62%
18/06/2008,-2.05%
17/06/2008,1.74%
16/06/2008,0.89%
13/06/2008,2.32%
12/06/2008,-1.34%
11/06/2008,1.22%
10/06/2008,-3.26%
09/06/2008,-2.02%
06/06/2008,0.46%
05/06/2008,2.08%
04/06/2008,-1.94%
03/06/2008,-1.03%
02/06/2008,-0.17%
30/05/2008,1.51%
29/05/2008,1.21%
28/05/2008,4.22%
27/05/2008,-0.37%
23/05/2008,-0.90%
22/05/2008,-4.59%
21/05/2008,0.68%
20/05/2008,-0.68%
19/05/2008,-0.50%
16/05/2008,0.42%
15/05/2008,-1.28%
14/05/2008,0.04%
13/05/2008,2.00%
12/05/2008,-0.73%
09/05/2008,-1.23%
08/05/2008,-0.69%
07/05/2008,-0.12%
06/05/2008,-1.31%
05/05/2008,0.06%
02/05/2008,3.49%
01/05/2008,2.86%
30/04/2008,2.07%
29/04/2008,0.91%
28/04/2008,-0.57%
25/04/2008,-0.41%
24/04/2008,-1.19%
23/04/2008,3.79%
22/04/2008,-0.34%
21/04/2008,0.78%
18/04/2008,17.47%
17/04/2008,2.53%
16/04/2008,-3.00%
15/04/2008,0.21%
14/04/2008,-1.49%
11/04/2008,-0.19%
10/04/2008,-0.89%
09/04/2008,-0.83%
08/04/2008,-0.84%
07/04/2008,4.38%
04/04/2008,-1.02%
03/04/2008,-1.74%
02/04/2008,4.95%
01/04/2008,2.78%
31/03/2008,-2.64%
28/03/2008,0.33%
27/03/2008,-1.46%
26/03/2008,-1.06%
25/03/2008,4.34%
24/03/2008,2.60%
20/03/2008,-3.13%
19/03/2008,2.83%
18/03/2008,0.23%
17/03/2008,-3.38%
14/03/2008,2.38%
13/03/2008,-1.67%
12/03/2008,3.47%
11/03/2008,-0.83%
10/03/2008,-0.01%
07/03/2008,-4.20%
06/03/2008,0.55%
05/03/2008,-1.26%
04/03/2008,-4.36%
03/03/2008,-0.08%
29/02/2008,0.29%
28/02/2008,2.25%
27/02/2008,-0.23%
26/02/2008,-8.84%
25/02/2008,0.77%
22/02/2008,-2.10%
21/02/2008,1.85%
20/02/2008,-5.88%
19/02/2008,1.25%
15/02/2008,-1.86%
14/02/2008,3.03%
13/02/2008,-0.17%
12/02/2008,0.55%
11/02/2008,2.18%
08/02/2008,2.53%
07/02/2008,-2.79%
06/02/2008,4.44%
05/02/2008,-3.86%
04/02/2008,-3.71%
01/02/2008,-1.92%
31/01/2008,-1.85%
30/01/2008,-2.01%
29/01/2008,-1.84%
28/01/2008,-3.52%
25/01/2008,5.91%
24/01/2008,-0.34%
23/01/2008,-0.23%
22/01/2008,-7.62%
18/01/2008,-2.00%
17/01/2008,-1.31%
16/01/2008,-2.62%
15/01/2008,-0.80%
14/01/2008,1.31%
11/01/2008,-0.36%
10/01/2008,2.38%
09/01/2008,-3.52%
08/01/2008,-0.14%
07/01/2008,-3.79%
04/01/2008,-0.81%
03/01/2008,-1.10%
02/01/2008,-0.82%
31/12/2007,-0.90%
28/12/2007,-0.30%
27/12/2007,1.16%
26/12/2007,0.58%
24/12/2007,-0.41%
21/12/2007,1.76%
20/12/2007,1.72%
19/12/2007,0.01%
18/12/2007,-2.01%
17/12/2007,0.07%
14/12/2007,-1.26%
13/12/2007,-2.48%
12/12/2007,-0.83%
11/12/2007,0.55%
10/12/2007,0.14%
07/12/2007,2.46%
06/12/2007,0.73%
05/12/2007,2.13%
04/12/2007,-1.84%
03/12/2007,-2.81%
30/11/2007,2.93%
29/11/2007,1.27%
28/11/2007,1.08%
27/11/2007,-0.79%
26/11/2007,1.52%
23/11/2007,4.07%
21/11/2007,1.15%
20/11/2007,1.09%
19/11/2007,-0.69%
16/11/2007,-0.73%
15/11/2007,-5.16%
14/11/2007,4.39%
13/11/2007,-1.94%
12/11/2007,-2.67%
09/11/2007,-8.01%
08/11/2007,-0.88%
07/11/2007,0.48%
06/11/2007,4.32%
05/11/2007,-0.50%
02/11/2007,1.10%
01/11/2007,0.30%
31/10/2007,3.42%
30/10/2007,-0.04%
29/10/2007,0.55%
26/10/2007,-0.69%
25/10/2007,0.89%
24/10/2007,1.73%
23/10/2007,3.54%
22/10/2007,-2.43%
19/10/2007,3.01%
18/10/2007,0.79%
17/10/2007,1.93%
16/10/2007,-3.13%
15/10/2007,2.32%
12/10/2007,-1.52%
11/10/2007,1.98%
10/10/2007,1.02%
09/10/2007,3.38%
08/10/2007,1.34%
05/10/2007,0.35%
04/10/2007,-0.20%
03/10/2007,0.49%
02/10/2007,2.35%
01/10/2007,0.52%
28/09/2007,-0.83%
27/09/2007,0.23%
26/09/2007,1.13%
25/09/2007,0.53%
24/09/2007,0.84%
21/09/2007,1.71%
20/09/2007,1.43%
19/09/2007,2.42%
18/09/2007,-0.00%
17/09/2007,0.64%
14/09/2007,-0.16%
13/09/2007,0.68%
12/09/2007,0.68%
11/09/2007,-0.82%
10/09/2007,0.66%
07/09/2007,-2.17%
06/09/2007,1.14%
05/09/2007,1.63%
04/09/2007,0.37%
31/08/2007,0.14%
30/08/2007,0.89%
29/08/2007,-0.72%
28/08/2007,-0.56%
27/08/2007,0.36%
24/08/2007,-0.66%
23/08/2007,1.18%
22/08/2007,2.21%
21/08/2007,-0.70%
20/08/2007,1.01%
17/08/2007,1.10%
16/08/2007,-3.34%
15/08/2007,-1.30%
14/08/2007,-0.74%
13/08/2007,1.83%
10/08/2007,-2.04%
09/08/2007,0.28%
08/08/2007,1.88%
07/08/2007,1.34%
06/08/2007,-1.38%
03/08/2007,-0.71%
02/08/2007,0.63%
01/08/2007,-1.87%
31/07/2007,1.43%
30/07/2007,0.86%
27/07/2007,-0.04%
26/07/2007,-1.59%
25/07/2007,1.51%
24/07/2007,-1.87%
23/07/2007,1.39%
20/07/2007,-7.51%
19/07/2007,-0.08%
18/07/2007,-0.21%
17/07/2007,0.86%
16/07/2007,0.44%
13/07/2007,0.38%
12/07/2007,0.41%
11/07/2007,-0.03%
10/07/2007,0.15%
09/07/2007,0.32%
06/07/2007,1.06%
05/07/2007,0.85%
03/07/2007,1.06%
02/07/2007,-0.10%
29/06/2007,0.22%
28/06/2007,-0.02%
27/06/2007,-1.45%
26/06/2007,0.71%
25/06/2007,2.43%
22/06/2007,1.06%
21/06/2007,-1.16%
20/06/2007,0.57%
19/06/2007,1.55%
18/06/2007,-0.40%
15/06/2007,0.56%
14/06/2007,-0.34%
13/06/2007,-0.32%
12/06/2007,-1.03%
11/06/2007,-0.42%
08/06/2007,-0.68%
07/06/2007,0.58%
06/06/2007,1.37%
05/06/2007,2.38%
04/06/2007,-0.62%
01/06/2007,0.09%
31/05/2007,3.31%
30/05/2007,-0.10%
29/05/2007,1.10%
25/05/2007,0.96%
24/05/2007,-1.18%
23/05/2007,1.65%
22/05/2007,0.74%
21/05/2007,-0.53%
18/05/2007,-0.09%
17/05/2007,2.26%
16/05/2007,0.01%
15/05/2007,-0.76%
14/05/2007,0.79%
11/05/2007,-1.12%
10/05/2007,0.19%
09/05/2007,0.00%
08/05/2007,-1.27%
07/05/2007,0.43%
04/05/2007,0.84%
03/05/2007,-0.52%
02/05/2007,-0.75%
01/05/2007,-1.45%
30/04/2007,-0.19%
27/04/2007,0.41%
26/04/2007,-0.40%
25/04/2007,0.29%
24/04/2007,-0.31%
23/04/2007,-2.12%
20/04/2007,3.38%
19/04/2007,0.69%
18/04/2007,-0.54%
17/04/2007,1.14%
16/04/2007,0.00%
13/04/2007,0.96%
12/04/2007,-0.44%
11/04/2007,-0.22%
10/04/2007,-1.25%
09/04/2007,0.36%
05/04/2007,-0.18%
04/04/2007,1.74%
03/04/2007,1.37%
02/04/2007,-0.94%
30/03/2007,-0.53%
29/03/2007,0.58%
28/03/2007,-0.36%
27/03/2007,0.65%
26/03/2007,-0.20%
23/03/2007,1.28%
22/03/2007,2.32%
21/03/2007,-0.11%
20/03/2007,0.57%
19/03/2007,-0.54%
16/03/2007,-0.49%
15/03/2007,1.04%
14/03/2007,-1.53%
13/03/2007,-0.54%
12/03/2007,-1.19%
09/03/2007,-0.27%
08/03/2007,-0.75%
07/03/2007,3.40%
06/03/2007,2.39%
05/03/2007,-1.82%
02/03/2007,0.55%
01/03/2007,-1.72%
28/02/2007,-1.01%
27/02/2007,-3.77%
26/02/2007,-0.61%
23/02/2007,-0.61%
22/02/2007,1.88%
21/02/2007,0.29%
20/02/2007,1.23%
16/02/2007,-0.69%
15/02/2007,1.30%
14/02/2007,0.19%
13/02/2007,-0.33%
12/02/2007,-2.33%
09/02/2007,0.77%
08/02/2007,-1.22%
07/02/2007,1.22%
06/02/2007,-1.97%
05/02/2007,-1.06%
02/02/2007,-4.62%
01/02/2007,1.92%
31/01/2007,0.50%
30/01/2007,-0.80%
29/01/2007,1.44%
26/01/2007,-2.01%
25/01/2007,3.42%
24/01/2007,0.76%
23/01/2007,-2.38%
22/01/2007,0.93%
19/01/2007,-1.32%
18/01/2007,-1.76%
17/01/2007,-0.82%
16/01/2007,1.11%
12/01/2007,0.96%
11/01/2007,2.64%
10/01/2007,-0.21%
09/01/2007,-0.46%
08/01/2007,1.08%
05/01/2007,2.88%
04/01/2007,0.64%
03/01/2007,0.84%
29/12/2006,-1.07%
28/12/2006,1.55%
27/12/2006,0.76%
26/12/2006,-0.21%
22/12/2006,-1.44%
21/12/2006,-1.24%
20/12/2006,1.79%
19/12/2006,-4.31%
18/12/2006,-0.03%
15/12/2006,0.50%
14/12/2006,-0.92%
13/12/2006,0.17%
12/12/2006,-0.22%
11/12/2006,0.62%
08/12/2006,-1.69%
07/12/2006,0.67%
06/12/2006,-0.09%
05/12/2006,0.91%
04/12/2006,-0.61%
01/12/2006,0.37%
30/11/2006,-2.03%
29/11/2006,2.72%
28/11/2006,-4.04%
27/11/2006,-0.62%
24/11/2006,-1.27%
22/11/2006,2.91%
21/11/2006,-0.37%
20/11/2006,1.04%
17/11/2006,-0.35%
16/11/2006,0.32%
15/11/2006,2.65%
14/11/2006,1.22%
13/11/2006,0.24%
10/11/2006,-0.57%
09/11/2006,1.31%
08/11/2006,-1.38%
07/11/2006,0.67%
06/11/2006,0.33%
03/11/2006,1.01%
02/11/2006,-2.35%
01/11/2006,0.15%
31/10/2006,0.68%
30/10/2006,-1.88%
27/10/2006,-0.78%
26/10/2006,2.13%
25/10/2006,0.25%
24/10/2006,3.03%
23/10/2006,0.72%
20/10/2006,9.22%
19/10/2006,-0.65%
18/10/2006,0.64%
17/10/2006,-1.73%
16/10/2006,-0.01%
13/10/2006,-0.19%
12/10/2006,0.83%
11/10/2006,-1.52%
10/10/2006,1.59%
09/10/2006,3.55%
06/10/2006,-1.08%
05/10/2006,2.40%
04/10/2006,0.92%
03/10/2006,-0.15%
02/10/2006,-0.80%
29/09/2006,0.26%
28/09/2006,-0.55%
27/09/2006,0.20%
26/09/2006,-0.02%
25/09/2006,0.15%
22/09/2006,1.17%
21/09/2006,-1.67%
20/09/2006,-2.01%
19/09/2006,1.33%
18/09/2006,0.62%
15/09/2006,0.79%
14/09/2006,2.32%
13/09/2006,2.64%
12/09/2006,1.78%
11/09/2006,0.41%
08/09/2006,-0.70%
07/09/2006,-0.71%
06/09/2006,0.59%
05/09/2006,-0.29%
01/09/2006,-0.13%
31/08/2006,0.60%
30/08/2006,-0.41%
29/08/2006,1.38%
28/08/2006,0.68%
25/08/2006,-0.36%
24/08/2006,-0.85%
23/08/2006,-0.02%
22/08/2006,-0.10%
21/08/2006,-2.13%
18/08/2006,-0.02%
17/08/2006,0.76%
16/08/2006,2.50%
15/08/2006,0.70%
14/08/2006,-0.77%
11/08/2006,0.14%
10/08/2006,-2.33%
09/08/2006,-0.01%
08/08/2006,3.05%
07/08/2006,-2.12%
04/08/2006,3.99%
03/08/2006,-2.83%
02/08/2006,-2.47%
01/08/2006,-0.74%
31/07/2006,1.57%
28/07/2006,-1.39%
27/07/2006,-0.21%
26/07/2006,0.83%
25/07/2006,-1.99%
24/07/2006,1.73%
21/07/2006,-4.49%
20/07/2006,2.35%
19/07/2006,-3.60%
18/07/2006,1.27%
17/07/2006,-1.39%
14/07/2006,-0.89%
13/07/2006,-1.92%
12/07/2006,0.86%
11/07/2006,-1.16%
10/07/2006,-0.61%
07/07/2006,0.63%
06/07/2006,0.44%
05/07/2006,0.35%
03/07/2006,1.07%
30/06/2006,1.87%
29/06/2006,0.99%
28/06/2006,-0.42%
27/06/2006,-0.26%
26/06/2006,0.99%
23/06/2006,0.29%
22/06/2006,2.69%
21/06/2006,0.78%
20/06/2006,-0.72%
19/06/2006,0.45%
16/06/2006,0.64%
15/06/2006,-0.82%
14/06/2006,2.34%
13/06/2006,-1.92%
12/06/2006,-0.98%
09/06/2006,1.15%
08/06/2006,-1.40%
07/06/2006,4.42%
06/06/2006,0.11%
05/06/2006,-2.76%
02/06/2006,3.56%
01/06/2006,-0.07%
31/05/2006,-1.18%
30/05/2006,-1.63%
26/05/2006,1.44%
25/05/2006,0.46%
24/05/2006,0.84%
23/05/2006,1.73%
22/05/2006,-1.45%
19/05/2006,-1.45%
18/05/2006,2.20%
17/05/2006,-1.43%
16/05/2006,0.02%
15/05/2006,-1.98%
12/05/2006,-4.93%
11/05/2006,-1.20%
10/05/2006,3.19%
09/05/2006,0.15%
08/05/2006,-0.63%
05/05/2006,0.65%
04/05/2006,-0.33%
03/05/2006,-1.18%
02/05/2006,-4.16%
01/05/2006,-0.04%
28/04/2006,-1.01%
27/04/2006,-1.13%
26/04/2006,-2.70%
25/04/2006,0.05%
24/04/2006,-2.12%
21/04/2006,9.22%
20/04/2006,-0.38%
19/04/2006,1.14%
18/04/2006,1.11%
17/04/2006,-1.27%
13/04/2006,-0.09%
12/04/2006,-1.78%
11/04/2006,2.29%
10/04/2006,-1.29%
07/04/2006,1.46%
06/04/2006,-0.42%
05/04/2006,4.69%
04/04/2006,0.09%
03/04/2006,0.20%
31/03/2006,-0.12%
30/03/2006,2.43%
29/03/2006,2.21%
28/03/2006,1.26%
27/03/2006,-0.42%
24/03/2006,7.67%
23/03/2006,0.77%
22/03/2006,-2.93%
21/03/2006,2.24%
20/03/2006,1.04%
17/03/2006,-2.81%
16/03/2006,-0.62%
15/03/2006,4.04%
14/03/2006,-1.11%
13/03/2006,-0.75%
10/03/2006,-3.35%
09/03/2006,0.41%
08/03/2006,-3.04%
07/03/2006,-4.17%
06/03/2006,-0.88%
03/03/2006,5.50%
02/03/2006,-1.16%
01/03/2006,-6.27%
28/02/2006,3.13%
27/02/2006,1.05%
24/02/2006,3.20%
23/02/2006,-0.42%
22/02/2006,0.19%
21/02/2006,-0.92%
17/02/2006,7.00%
16/02/2006,1.29%
15/02/2006,-1.18%
14/02/2006,-0.38%
13/02/2006,-4.23%
10/02/2006,-2.49%
09/02/2006,0.74%
08/02/2006,-3.79%
07/02/2006,-0.60%
06/02/2006,-2.11%
03/02/2006,-2.53%
02/02/2006,3.80%
01/02/2006,-9.65%
31/01/2006,0.31%
30/01/2006,-1.33%
27/01/2006,-1.03%
26/01/2006,-2.60%
25/01/2006,3.49%
24/01/2006,7.03%
23/01/2006,-7.14%
20/01/2006,-2.76%
19/01/2006,0.87%
18/01/2006,-3.40%
17/01/2006,-0.27%
13/01/2006,-1.99%
12/01/2006,0.52%
11/01/2006,1.47%
10/01/2006,-0.43%
09/01/2006,2.09%
06/01/2006,2.44%
05/01/2006,0.47%
04/01/2006,5.06%
03/01/2006,1.26%
30/12/2005,-2.50%
29/12/2005,0.86%
28/12/2005,-1.74%
27/12/2005,-0.07%
23/12/2005,0.09%
22/12/2005,-0.41%
21/12/2005,1.33%
20/12/2005,-1.00%
19/12/2005,1.61%
16/12/2005,1.49%
15/12/2005,0.50%
14/12/2005,1.10%
13/12/2005,-0.51%
12/12/2005,-0.09%
09/12/2005,2.39%
08/12/2005,-0.21%
07/12/2005,-0.62%
06/12/2005,-1.99%
05/12/2005,0.01%
02/12/2005,1.89%
01/12/2005,1.22%
30/11/2005,-4.76%
29/11/2005,-1.25%
28/11/2005,0.95%
25/11/2005,2.10%
23/11/2005,2.05%
22/11/2005,2.37%
21/11/2005,-1.07%
18/11/2005,0.42%
17/11/2005,1.41%
16/11/2005,0.46%
15/11/2005,0.58%
14/11/2005,-0.76%
11/11/2005,4.43%
10/11/2005,-2.15%
09/11/2005,-1.92%
08/11/2005,-0.22%
07/11/2005,1.31%
04/11/2005,1.98%
03/11/2005,0.19%
02/11/2005,2.65%
01/11/2005,3.23%
31/10/2005,1.40%
28/10/2005,-0.37%
27/10/2005,2.98%
26/10/2005,0.14%
25/10/2005,0.70%
24/10/2005,-0.70%
21/10/2005,11.55%
20/10/2005,1.97%
19/10/2005,-0.31%
18/10/2005,2.51%
17/10/2005,-0.80%
14/10/2005,-0.70%
13/10/2005,-1.05%
12/10/2005,-1.74%
11/10/2005,-0.86%
10/10/2005,-0.47%
07/10/2005,0.21%
06/10/2005,0.46%
05/10/2005,-2.27%
04/10/2005,2.02%
03/10/2005,-0.19%
30/09/2005,2.46%
29/09/2005,-2.40%
28/09/2005,-0.23%
27/09/2005,-1.42%
26/09/2005,2.08%
23/09/2005,0.48%
22/09/2005,1.00%
21/09/2005,0.74%
20/09/2005,1.71%
19/09/2005,-0.99%
16/09/2005,1.50%
15/09/2005,-2.98%
14/09/2005,-0.09%
13/09/2005,2.40%
12/09/2005,1.50%
09/09/2005,0.83%
08/09/2005,3.13%
07/09/2005,-1.08%
06/09/2005,0.87%
02/09/2005,0.21%
01/09/2005,-0.80%
31/08/2005,0.29%
30/08/2005,1.82%
29/08/2005,-0.44%
26/08/2005,0.33%
25/08/2005,1.79%
24/08/2005,0.51%
23/08/2005,-1.81%
22/08/2005,0.09%
19/08/2005,1.84%
18/08/2005,-3.36%
17/08/2005,0.22%
16/08/2005,-1.70%
15/08/2005,2.27%
12/08/2005,-0.88%
11/08/2005,-1.86%
10/08/2005,-0.23%
09/08/2005,-0.56%
08/08/2005,-1.31%
05/08/2005,0.66%
04/08/2005,-0.82%
03/08/2005,2.19%
02/08/2005,1.21%
01/08/2005,-1.38%
29/07/2005,-1.77%
28/07/2005,-0.11%
27/07/2005,0.93%
26/07/2005,-2.44%
25/07/2005,-1.30%
22/07/2005,-2.45%
21/07/2005,2.78%
20/07/2005,1.15%
19/07/2005,0.70%
18/07/2005,-0.41%
15/07/2005,-1.34%
14/07/2005,4.39%
13/07/2005,-0.30%
12/07/2005,-1.02%
11/07/2005,0.05%
08/07/2005,2.37%
07/07/2005,-2.66%
06/07/2005,1.78%
05/07/2005,-1.00%
01/07/2005,0.24%
30/06/2005,-2.70%
29/06/2005,-1.23%
28/06/2005,2.47%
27/06/2005,2.75%
24/06/2005,1.01%
23/06/2005,-0.58%
22/06/2005,0.56%
21/06/2005,4.34%
20/06/2005,-1.04%
17/06/2005,1.73%
16/06/2005,-0.27%
15/06/2005,-1.29%
14/06/2005,-0.44%
13/06/2005,-2.50%
10/06/2005,0.80%
09/06/2005,-2.78%
08/06/2005,-1.43%
07/06/2005,5.21%
06/06/2005,-1.53%
03/06/2005,-0.67%
02/06/2005,1.95%
01/06/2005,5.11%
31/05/2005,3.44%
27/05/2005,-0.19%
26/05/2005,3.26%
25/05/2005,-1.65%
24/05/2005,5.68%
23/05/2005,0.81%
20/05/2005,0.36%
19/05/2005,2.88%
18/05/2005,1.32%
17/05/2005,0.38%
16/05/2005,0.22%
13/05/2005,-0.71%
12/05/2005,0.80%
11/05/2005,1.55%
10/05/2005,-1.11%
09/05/2005,-0.18%
06/05/2005,-0.10%
05/05/2005,0.61%
04/05/2005,2.43%
03/05/2005,-0.09%
02/05/2005,0.06%
29/04/2005,1.10%
28/04/2005,0.69%
27/04/2005,-1.01%
26/04/2005,1.10%
25/04/2005,-2.28%
22/04/2005,11.22%
21/04/2005,0.93%
20/04/2005,4.89%
19/04/2005,2.57%
18/04/2005,-2.90%
15/04/2005,-1.64%
14/04/2005,-0.10%
13/04/2005,0.24%
12/04/2005,-0.05%
11/04/2005,-0.31%
08/04/2005,2.60%
07/04/2005,-0.24%
06/04/2005,0.80%
05/04/2005,4.32%
04/04/2005,-1.00%
01/04/2005,2.14%
31/03/2005,-1.49%
30/03/2005,-0.23%
29/03/2005,-0.35%
28/03/2005,0.54%
24/03/2005,1.53%
23/03/2005,-1.77%
22/03/2005,1.07%
21/03/2005,0.26%
18/03/2005,0.95%
17/03/2005,0.24%
16/03/2005,0.80%
15/03/2005,-1.70%
14/03/2005,-1.17%
11/03/2005,-0.31%
10/03/2005,-1.74%
09/03/2005,-2.59%
08/03/2005,0.70%
07/03/2005,0.58%
04/03/2005,0.31%
03/03/2005,0.10%
02/03/2005,-1.76%
01/03/2005,1.77%
28/02/2005,-1.67%
25/02/2005,3.15%
24/02/2005,-5.14%
23/02/2005,-1.63%
22/02/2005,-1.01%
18/02/2005,0.34%
17/02/2005,1.61%
16/02/2005,0.57%
15/02/2005,5.88%
14/02/2005,-2.04%
11/02/2005,-2.77%
10/02/2005,-4.38%
09/02/2005,1.93%
08/02/2005,-4.04%
07/02/2005,-0.59%
04/02/2005,0.23%
03/02/2005,-4.44%
02/02/2005,10.89%
01/02/2005,0.36%
31/01/2005,1.93%
28/01/2005,0.67%
27/01/2005,5.29%
26/01/2005,-1.47%
25/01/2005,-3.58%
24/01/2005,-3.01%
21/01/2005,1.06%
20/01/2005,-5.94%
19/01/2005,1.83%
18/01/2005,2.54%
14/01/2005,0.32%
13/01/2005,0.54%
12/01/2005,-0.66%
11/01/2005,0.58%
10/01/2005,2.02%
07/01/2005,-2.28%
06/01/2005,0.84%
05/01/2005,-3.95%
04/01/2005,2.03%
03/01/2005,-0.92%
31/12/2004,3.24%
30/12/2004,0.62%
29/12/2004,-0.17%
28/12/2004,1.56%
27/12/2004,0.91%
23/12/2004,1.93%
22/12/2004,-1.29%
21/12/2004,2.37%
20/12/2004,2.96%
17/12/2004,-0.11%
16/12/2004,-0.58%
15/12/2004,4.09%
14/12/2004,-0.68%
13/12/2004,-0.73%
10/12/2004,1.87%
09/12/2004,-0.06%
08/12/2004,-3.21%
07/12/2004,-1.75%
06/12/2004,-0.46%
03/12/2004,0.03%
02/12/2004,-1.13%
01/12/2004,0.69%
30/11/2004,0.19%
29/11/2004,2.59%
26/11/2004,0.56%
24/11/2004,4.08%
23/11/2004,2.13%
22/11/2004,-2.74%
19/11/2004,-0.70%
18/11/2004,0.75%
17/11/2004,-4.78%
16/11/2004,-1.63%
15/11/2004,-2.58%
12/11/2004,9.52%
11/11/2004,-0.90%
10/11/2004,-1.97%
09/11/2004,1.85%
08/11/2004,-6.07%
05/11/2004,-3.43%
04/11/2004,-4.91%
03/11/2004,-0.30%
02/11/2004,2.70%
01/11/2004,-2.68%
29/10/2004,6.54%
28/10/2004,2.17%
27/10/2004,-1.94%
26/10/2004,5.63%
25/10/2004,3.44%
22/10/2004,18.10%
21/10/2004,-2.45%
20/10/2004,-1.64%
19/10/2004,5.10%
18/10/2004,-1.19%
15/10/2004,2.78%
14/10/2004,-1.61%
13/10/2004,6.61%
12/10/2004,-1.87%
11/10/2004,-1.24%
08/10/2004,1.31%
07/10/2004,-0.46%
06/10/2004,2.15%
05/10/2004,-0.44%
04/10/2004,3.40%
01/10/2004,0.69%
30/09/2004,2.53%
29/09/2004,4.45%
28/09/2004,1.46%
27/09/2004,-1.14%
24/09/2004,1.77%
23/09/2004,1.23%
22/09/2004,-2.01%
21/09/2004,2.45%
20/09/2004,2.21%
17/09/2004,1.85%
16/09/2004,1.61%
15/09/2004,2.89%
14/09/2004,0.77%
13/09/2004,4.95%
10/09/2004,-0.91%
09/09/2004,1.78%
08/09/2004,-0.27%
07/09/2004,0.06%
03/09/2004,1.77%
02/09/2004,-3.42%
01/09/2004,0.39%
31/08/2004,-2.83%
30/08/2004,-2.61%
27/08/2004,3.00%
26/08/2004,-0.01%
25/08/2004,-5.65%
24/08/2004,0.44%
23/08/2004,9.64%
20/08/2004,1.01%
